{"cameraMode":{"drawMode":0,"name":"Shaded","section":"Shading Mode"},"sceneLighting":true,"audioPlay":false,"sceneViewState":{"showFog":false,"showMaterialUpdate":false,"showSkybox":false,"showFlares":false,"showImageEffects":false,"showParticleSystems":true},"in2DMode":false,"pivot":{"x":-12.054536819458008,"y":5.993862152099609,"z":-1.111241340637207},"rotation":{"x":0.3584711253643036,"y":-0.034995920956134799,"z":0.013449383899569512,"w":0.932792067527771},"size":40.010372161865237,"orthographic":true}